,idz,location.x,description.x,screenName.x,created.x,TRUE_state.x,location.y,description.y,screenName.y,created.y,TRUE_state.y,yes_state
1,8,California,"Raiders, Warriors, Giants fan since '77Fly fishing&hunting are my get away.Stanford grad class of '94,Educator,molding the minds of tomorrow.",AtomicMexican,6/6/11 15:30,FALSE,California,"Raiders, Warriors, Giants fan since '77Fly fishing&hunting are my get away.Stanford grad class of '94,Educator,molding the minds of tomorrow.",AtomicMexican,6/6/11 15:30,TRUE,1
2,246,Afghanistan/Haiti Via Georgia ,Proud army ranger deplorable!! Ã_Â Â_Ã_Â·ÂºÃ_Â Â_Ã_Â·Â¸ 1/75 Ranger 82nd Abn Veteran RLTW SUASPONTE.. 42yr old proud Southener from Georgia Ã_Â Â_Ã_Â_Â‘  #makeamericagreatagain #MAGA,Rng17582,7/20/16 22:54,FALSE,Virginia,"Hooligan, Aspiring Writer, Artist, and Cook.                                                   Not trying to get famous, just trying to get known.",OldmanLogan2008,8/30/13 8:11,TRUE,1
3,276,"Texas, USA",Personal responsibility is the answer Ã¢Â€Â¢ Government IS the problem Ã¢Â€Â¢ You're not truly free when on the dole Ã¢Â€Â¢ No Amnesty Ã¢Â€Â¢ #2A #NRA life member Ã¢Â€Â¢ #Trump Ã¢Â€Â¢ #MAGA,IGottaJob,6/27/16 17:06,FALSE,"New Mexico, USA","I am a Orthodox Christian,Conservative, a believer in Our Constitution, Very PRO Israel, animal lover, devoted to our wonderful country, and importantly ..a Mom",Trudyadair1,11/14/15 3:17,TRUE,1
4,277,Texas,"Those without SOULS torture #animals. #ProLife #DefundPP #StopAnimalCruelty #BanISLAM #BanHalal #2A #Guns #NRA Anti-Globalist, Anti-BigGov. #IslamIsTheProblem",ItzACatHouse,9/20/16 0:29,FALSE,"New York, USA","Deplorable & Born in a hospital. Exposing the Hag who is a College Grad, Lawyer?, LOL, Unindicted felon! Big fraud! Da FBI is on her ass.",MoronPres,2/2/11 16:49,TRUE,1
5,419,Pennsylvania,American Politically Right/ Animal rightist tree hugger on principle/ rad environmentalist Film Critic Ancient History (70).,AWillieWood,10/30/12 2:17,FALSE,Pennsylvania,American Politically Right/ Animal rightist tree hugger on principle/ rad environmentalist Film Critic Ancient History (70).,AWillieWood,10/30/12 2:17,TRUE,1
6,552,Seneca Stronghold NY,Conservative Christian - Native American - Comp. Target Shooter and Archer - Trucker - NOT a tech expert #2A #1A  RTs do not mean I always agree with content,1776forever1812,2/17/13 18:23,TRUE,Seneca Stronghold NY,Conservative Christian - Native American - Comp. Target Shooter and Archer - Trucker - NOT a tech expert #2A #1A  RTs do not mean I always agree with content,1776forever1812,2/17/13 18:23,FALSE,1
7,569,#Benghazi FOUR #AMERICANS DIED,#Patriot ~ #WeThePeople ~ #SECUREborder #NOamnesty ~ Ã_Â_Ã_Â¿Ã_Â»Ã¡Â_Â_Ã_Â_ Ã_Â»Ã_Â±Ã_Â_Ã_Â_ ~ #hillary4prison #LockHerUp ~ #MAGA #TrumpPence16,mmmoonie,9/30/10 2:53,TRUE,#Benghazi FOUR #AMERICANS DIED,#Patriot ~ #WeThePeople ~ #SECUREborder #NOamnesty ~ Ã_Â_Ã_Â¿Ã_Â»Ã¡Â_Â_Ã_Â_ Ã_Â»Ã_Â±Ã_Â_Ã_Â_ ~ #hillary4prison #LockHerUp ~ #MAGA #TrumpPence16,mmmoonie,9/30/10 2:53,FALSE,1
8,760,"Washington, USA","Independent now, long time GOP voter. Tired of Biased Media & Corrupt politicians! I block idiots. No lists.#DrainTheSwamp Not your President? THE President",bakerjmw2016,2/26/16 1:26,FALSE,"Washington, USA","Independent now, long time GOP voter. Tired of Biased Media & Corrupt politicians! I block idiots. No lists.#DrainTheSwamp Not your President? THE President",bakerjmw2016,2/26/16 1:26,TRUE,1
9,811,"Mayodan, NC","Indep voting for DJTrump. Army/Navy Veteran, mother, and Navy wife. BSA Leader/Order of Arrow. Conservative principles . #TrumpPence2016 1A & 2A English Only",ajam2007,1/19/16 3:48,TRUE,"Mayodan, NC","Indep voting for DJTrump. Army/Navy Veteran, mother, and Navy wife. BSA Leader/Order of Arrow. Conservative principles . #TrumpPence2016 1A & 2A English Only",ajam2007,1/19/16 3:48,FALSE,1
10,940,"Malibu, CA",Super guy. Social / Political Activist. Beach Bum  Rock* #Trump2016 #HelpingTrumpMakeUSAGreatAgain #1A #WakeUpAmerica #2A #ImWithAmerica #Victory #LetsMoveFwd,badger3030,6/9/16 11:30,TRUE,"Malibu, CA",Super guy. Social / Political Activist. Beach Bum  Rock* #Trump2016 #HelpingTrumpMakeUSAGreatAgain #1A #WakeUpAmerica #2A #ImWithAmerica #Victory #LetsMoveFwd,badger3030,6/9/16 11:30,FALSE,1
11,1025,"California, USA",Conservative. Farmer.  Love the land and will defend it.  @dvertise in my DM- auto-block.  List me without permission- auto-block.,9ERSorBUST,6/12/09 19:25,FALSE,"California, USA",Conservative. Farmer.  Love the land and will defend it.  @dvertise in my DM- auto-block.  List me without permission- auto-block.,9ERSorBUST,6/12/09 19:25,TRUE,1
12,1170,"Arizona, USA",#VETERANSLivesMatter #PoliceLivesMatter #NYPDLivesMatter #AllLivesMatter #BlueLivesMatter #AmericaMatters #TeamAmerica #WeSeeYou #Benghazi #Unhyphenated,JethroBean1,10/25/14 4:49,FALSE,"Arizona, USA",#VETERANSLivesMatter #PoliceLivesMatter #NYPDLivesMatter #AllLivesMatter #BlueLivesMatter #AmericaMatters #TeamAmerica #WeSeeYou #Benghazi #Unhyphenated,JethroBean1,10/25/14 4:49,TRUE,1
13,1291,U.S.A.   FEMA Region 5  ,"Animal Rights, Human Rights, Green Energy/Envrnmnt, Pro-Life, Cryptocurrency, Capitalism & Free Markets, #EndTheFed Ã¢Â˜Â…U.S.ConstitutionÃ¢Â˜Â… PatriotÃ_Â Â_Ã_Â·ÂºÃ_Â Â_Ã_Â·Â¸ ConservativeÃ¢Â˜Â_Ã_Â Â_Ã_Â_Â„Ã_Â Â_Ã_Â_Â…",autumnrainwater,9/1/10 9:56,TRUE,U.S.A.   FEMA Region 5  ,"Animal Rights, Human Rights, Green Energy/Envrnmnt, Pro-Life, Cryptocurrency, Capitalism & Free Markets, #EndTheFed Ã¢Â˜Â…U.S.ConstitutionÃ¢Â˜Â… PatriotÃ_Â Â_Ã_Â·ÂºÃ_Â Â_Ã_Â·Â¸ ConservativeÃ¢Â˜Â_Ã_Â Â_Ã_Â_Â„Ã_Â Â_Ã_Â_Â…",autumnrainwater,9/1/10 9:56,FALSE,1
14,1310,Virginia,"Ã_ÂœÃ_ÂŸÃ_Â›Ã_Â©Ã_Âù Ã_Â›Ã_Â‘Ã_Â’Ã_Â•! Deplorable. Conservative,USMC Mom and Wife, Heritage Action Sentinel, Common sense practitioner. All opinions are my own...",Amyloukingery,6/21/09 1:46,FALSE,Virginia,"Ã_ÂœÃ_ÂŸÃ_Â›Ã_Â©Ã_Âù Ã_Â›Ã_Â‘Ã_Â’Ã_Â•! Deplorable. Conservative,USMC Mom and Wife, Heritage Action Sentinel, Common sense practitioner. All opinions are my own...",Amyloukingery,6/21/09 1:46,TRUE,1
15,1413,Florida,"Mom of Army Veteran, high school math teacher, intense believer in the virtues of personal responsibility. Speak the truth, for the truth will set you free...",raniecep,10/12/12 0:34,FALSE,Florida,"Mom of Army Veteran, high school math teacher, intense believer in the virtues of personal responsibility. Speak the truth, for the truth will set you free...",raniecep,10/12/12 0:34,TRUE,1
16,1447,"Maryland, USA","#Deplorable #MAGA Proud Christian, Love my Furbabies #ChesapeakebayretrieverMom #2A#1A VFWAUX #NRA  add me to lists, I will block you #NOLISTS",ffforme59,10/9/16 22:54,FALSE,"Maryland, USA","#Deplorable #MAGA Proud Christian, Love my Furbabies #ChesapeakebayretrieverMom #2A#1A VFWAUX #NRA  add me to lists, I will block you #NOLISTS",ffforme59,10/9/16 22:54,TRUE,1
17,1785,"Torrance, CA","Writer: Townhall, Canada Free Press, BarbWire. Patriot who loves the #Patriots Follow me to fight the good fight! arthurschaper@hotmail.com",ArthurCSchaper,2/13/13 23:07,TRUE,"Torrance, CA","Writer: Townhall, Canada Free Press, BarbWire. Patriot who loves the #Patriots Follow me to fight the good fight! arthurschaper@hotmail.com",ArthurCSchaper,2/13/13 23:07,FALSE,1
18,2115,"California, USA","1st on Trump Ã_Â Â_Ã_ÂºÂ‚ #MAGA!Ã_Â Â_Ã_Â¸Â‰ Ã¢ÂùÂ_Ã¯Â¸Âè& #supportourtroups, #bluelivesmatter Ã_Â Â_Ã_Â_Â_@alexjones Ã_Â Â_Ã_Â_Â› @varneyco Ã_Â Â_Ã_Â_Â™@seanhannity Ã¢ÂùÂ_Ã¯Â¸Âè@loudobbs Ã¢ÂùÂ_Ã¯Â¸Âè@cvpayne Ã_Â Â_Ã_Â_Âœ@trishintel, SDSU alum",soaksponge,7/29/16 18:23,FALSE,"California, USA","1st on Trump Ã_Â Â_Ã_ÂºÂ‚ #MAGA!Ã_Â Â_Ã_Â¸Â‰ Ã¢ÂùÂ_Ã¯Â¸Âè& #supportourtroups, #bluelivesmatter Ã_Â Â_Ã_Â_Â_@alexjones Ã_Â Â_Ã_Â_Â› @varneyco Ã_Â Â_Ã_Â_Â™@seanhannity Ã¢ÂùÂ_Ã¯Â¸Âè@loudobbs Ã¢ÂùÂ_Ã¯Â¸Âè@cvpayne Ã_Â Â_Ã_Â_Âœ@trishintel, SDSU alum",soaksponge,7/29/16 18:23,TRUE,1
19,2539,"Oregon, USA",Feeling Deplorable,Herr_Wilson,1/19/13 6:03,FALSE,"Oregon, USA",Feeling Deplorable,Herr_Wilson,1/19/13 6:03,TRUE,1
20,2934,"New Jersey, USA",American Nationalist. Capitalist. Wall Enthusiast. #MAGA,realAdamHaye,12/18/15 21:36,FALSE,"New Jersey, USA",American Nationalist. Capitalist. Wall Enthusiast. #MAGA,realAdamHaye,12/18/15 21:36,TRUE,1
21,3115,PA,,BrianHearn4,3/23/16 13:39,TRUE,PA,,BrianHearn4,3/23/16 13:39,FALSE,1
22,3180,"New York, USA",#AmericaFirst,Johndaveis,7/7/12 16:45,FALSE,"New York, USA",#AmericaFirst,Johndaveis,7/7/12 16:45,TRUE,1
23,3273,"New Mexico, USA","Fighting for US-America Freedom from Progressive-Libs. I BLOCK Lists.",jakesCove_US,10/4/12 5:08,FALSE,"New Mexico, USA","Fighting for US-America Freedom from Progressive-Libs. I BLOCK Lists.",jakesCove_US,10/4/12 5:08,TRUE,1
24,3542,Rhode Island,"In 2012, I was alt RI Delegate for Ron Paul. I live-streamed conventions, rallies, vote-watched in many states. Saw much corruption with Romney. Now with TRUMP!",octojofo,2/7/12 16:07,FALSE,Rhode Island,"In 2012, I was alt RI Delegate for Ron Paul. I live-streamed conventions, rallies, vote-watched in many states. Saw much corruption with Romney. Now with TRUMP!",octojofo,2/7/12 16:07,TRUE,1
25,4101,MN,"Christian Conservative Wife, Mother & Grandmother with a heart for God. my Family and my Country. We will Not Go Silently into the night! Don't add me to Lists!",maryannstewart1,6/25/09 15:40,TRUE,MN,"Christian Conservative Wife, Mother & Grandmother with a heart for God. my Family and my Country. We will Not Go Silently into the night! Don't add me to Lists!",maryannstewart1,6/25/09 15:40,FALSE,1
26,4194,"Virginia, USA","Ã¢ÂùÂ_Ã¯Â¸ÂèI love my son, husband & country. I will fight for my rightsÃ¢ÂùÂ£I also believe in Jesus & that we are living in the end times. I hope you're ready. God bless",munchkinmomma36,1/11/16 7:05,FALSE,"Virginia, USA","Ã¢ÂùÂ_Ã¯Â¸ÂèI love my son, husband & country. I will fight for my rightsÃ¢ÂùÂ£I also believe in Jesus & that we are living in the end times. I hope you're ready. God bless",munchkinmomma36,1/11/16 7:05,TRUE,1
27,4215,"Upland, California",,hipsurfmom,9/24/13 1:25,FALSE,"Upland, California",,hipsurfmom,9/24/13 1:25,TRUE,1
28,4813,"Jackson, NJ","A God fearing  True American patriot # Christian #Be preparedfor what's coming.WHAT PART OF#NO LISTS PLEASE DON'T YOU GET  #IM AGAINST HILLARY",frankmassimino,11/11/10 2:26,TRUE,"Jackson, NJ","A God fearing  True American patriot # Christian #Be preparedfor what's coming.WHAT PART OF#NO LISTS PLEASE DON'T YOU GET  #IM AGAINST HILLARY",frankmassimino,11/11/10 2:26,FALSE,1
29,4859,"Lakewood, CO",#Paleoconservative #COTUS #WeThePeople #1A #2A #RenewUS #NWO #ccot #tcot #jesus #God #PJNET #WakeUpAmerica #ProLife #ProFamily #TeaParty #Conservatives #FF1776,hawljo1,12/24/15 2:31,TRUE,"Lakewood, CO",#Paleoconservative #COTUS #WeThePeople #1A #2A #RenewUS #NWO #ccot #tcot #jesus #God #PJNET #WakeUpAmerica #ProLife #ProFamily #TeaParty #Conservatives #FF1776,hawljo1,12/24/15 2:31,FALSE,1
30,4931,"Texas, USA",Proud American.  Mom.  Taxpayer.  That's enough.,nataliej0hnson1,5/2/16 18:49,FALSE,"Texas, USA",Proud American.  Mom.  Taxpayer.  That's enough.,nataliej0hnson1,5/2/16 18:49,TRUE,1
31,5129,Florida,Mother to two wonderful sons. Grandmother to our sweet little grand daughter. Retired Marketing Communications Manager for Rheem Manufacturing Co.,LauraButler6,7/2/11 14:41,FALSE,Florida,Mother to two wonderful sons. Grandmother to our sweet little grand daughter. Retired Marketing Communications Manager for Rheem Manufacturing Co.,LauraButler6,7/2/11 14:41,TRUE,1
32,5352,"Amarillo, TX",,bavegan2951,10/13/15 14:12,TRUE,"Amarillo, TX",,bavegan2951,10/13/15 14:12,FALSE,1
33,5375,"TX, CO, CA, AK, AZ, OR, NM, WA",ReDefining InSuranceÃ¢Â„Â¢ for All Things Cannabis #ProudAmerican #DonaldTrump #WakeUpAmerica #TrumpPence16 #MAGA #Women4Trump #NRA,iCannasure,3/7/16 20:59,TRUE,"TX, CO, CA, AK, AZ, OR, NM, WA",ReDefining InSuranceÃ¢Â„Â¢ for All Things Cannabis #ProudAmerican #DonaldTrump #WakeUpAmerica #TrumpPence16 #MAGA #Women4Trump #NRA,iCannasure,3/7/16 20:59,FALSE,1
34,5432,"Houston, TX",Christian Conservative born with a plan. Cling to God & Guns. Strive for excellence and make a difference while you are here! Never use the word Can't!!,gperky1,7/23/12 0:29,TRUE,"Houston, TX",Christian Conservative born with a plan. Cling to God & Guns. Strive for excellence and make a difference while you are here! Never use the word Can't!!,gperky1,7/23/12 0:29,FALSE,1
35,5627,NY,Conservative NY'er- what can go wrong? #MAGA !!! @BasketOfDeplorables,cathymv,12/8/08 16:00,TRUE,NY,Conservative NY'er- what can go wrong? #MAGA !!! @BasketOfDeplorables,cathymv,12/8/08 16:00,FALSE,1
36,5901,Indiana,Taking back America. One Liberal at a time.,asia742,2/9/09 18:47,FALSE,Indiana,Taking back America. One Liberal at a time.,asia742,2/9/09 18:47,TRUE,1
37,6189,"California, USA",Proud Ã_Â Â_Ã_Â·ÂºÃ_Â Â_Ã_Â·Â¸ Christian Ã_Â Â_Ã_Â·ÂºÃ_Â Â_Ã_Â·Â¸ American Ã_Â Â_Ã_Â·ÂºÃ_Â Â_Ã_Â·Â¸,ocsugarb,3/15/16 23:37,FALSE,"California, USA",Proud Ã_Â Â_Ã_Â·ÂºÃ_Â Â_Ã_Â·Â¸ Christian Ã_Â Â_Ã_Â·ÂºÃ_Â Â_Ã_Â·Â¸ American Ã_Â Â_Ã_Â·ÂºÃ_Â Â_Ã_Â·Â¸,ocsugarb,3/15/16 23:37,TRUE,1
38,6227,"New Mexico, USA","All out for Trump, Christian, retired",NRodibaugh,8/10/15 16:18,FALSE,"New Mexico, USA","All out for Trump, Christian, retired",NRodibaugh,8/10/15 16:18,TRUE,1
39,6254,Texas USA,"9th generation Texas native Christian patriot: God,guns,guts and the https://t.co/V7wMVi1pAj-Israel 100%#alwaystrump#warriors #tcot Hillary is a Demon from Hell",karenan29064381,3/2/15 21:51,FALSE,Texas USA,"9th generation Texas native Christian patriot: God,guns,guts and the https://t.co/V7wMVi1pAj-Israel 100%#alwaystrump#warriors #tcot Hillary is a Demon from Hell",karenan29064381,3/2/15 21:51,TRUE,1
40,6706,"New York, NY","#Veteran, #AfricanAmericanPatriot, #MAGA, #ProHumanRights, #MediaSkeptic, #AntiGlobalist, #AntiIslamist, #ConservativeRepublican, #ProJudeoChristian, #BanSharia",Red_Lion_MI6,11/15/16 19:06,TRUE,"New York, NY","#Veteran, #AfricanAmericanPatriot, #MAGA, #ProHumanRights, #MediaSkeptic, #AntiGlobalist, #AntiIslamist, #ConservativeRepublican, #ProJudeoChristian, #BanSharia",Red_Lion_MI6,11/15/16 19:06,TRUE,1
41,6892,"San Antonio, TX","Retired from Government service after 23 years with the US Marshals Service in the Asset Forfeiture Unit. I'm a mom, mom in law, and grandmother. #MAGA NO LISTS",NancyCrandall3,9/23/16 17:55,TRUE,"San Antonio, TX","Retired from Government service after 23 years with the US Marshals Service in the Asset Forfeiture Unit. I'm a mom, mom in law, and grandmother. #MAGA NO LISTS",NancyCrandall3,9/23/16 17:55,FALSE,1
42,6993,Georgia,"Daniel 9:3 thru 9:19 , Isaiah 45, Psalm 83, John 3:16, Psalm 91, Psalm 9, Ezekiel 38, Ezekiel 39",softail12,2/22/09 22:12,FALSE,Georgia,"Daniel 9:3 thru 9:19 , Isaiah 45, Psalm 83, John 3:16, Psalm 91, Psalm 9, Ezekiel 38, Ezekiel 39",softail12,2/22/09 22:12,TRUE,1
43,7021,"Portland, OR","Whenever Trump speaks I feel like he's reading my dream journal!Ã_Â Â_Ã_Â·ÂºÃ_Â Â_Ã_Â·Â¸ Read 'In Trump We Trust' Ã_Â Â_Ã_Â·ÂºÃ_Â Â_Ã_Â·Â¸ #MakeAmericaGreatAgain#GaysForTrump#DickingBimbos",AllAmericanEric,6/2/11 19:25,TRUE,"Portland, OR","Whenever Trump speaks I feel like he's reading my dream journal!Ã_Â Â_Ã_Â·ÂºÃ_Â Â_Ã_Â·Â¸ Read 'In Trump We Trust' Ã_Â Â_Ã_Â·ÂºÃ_Â Â_Ã_Â·Â¸ #MakeAmericaGreatAgain#GaysForTrump#DickingBimbos",AllAmericanEric,6/2/11 19:25,FALSE,1
44,7168,MIAMI / LA,"Pro Sports Publications, Print Media Advertising, Athlete Endorsements, & Out of the Box Sports Marketing  Promotions",MarvLBluechip,3/4/14 0:32,TRUE,MIAMI / LA,"Pro Sports Publications, Print Media Advertising, Athlete Endorsements, & Out of the Box Sports Marketing  Promotions",MarvLBluechip,3/4/14 0:32,FALSE,1
45,7268,Colorado Springs,"Born-again Christian who loves Jesus, wife of Viet Nam vet w/Agent Orange effects, mother of 4 sons, grandmother of 7. Prolife,pro-Israel,pro-Biblical marriage.",NOtterby,1/6/12 18:37,FALSE,Colorado Springs,"Born-again Christian who loves Jesus, wife of Viet Nam vet w/Agent Orange effects, mother of 4 sons, grandmother of 7. Prolife,pro-Israel,pro-Biblical marriage.",NOtterby,1/6/12 18:37,TRUE,1
46,7553,Saddle River NJ / Oak Ridge NC,My employees Ã¢ÂùÂ_ me    #IvyLeague #Wharton #Finance #UpperMGMT team leader / #Independent / I BLOCK morons,gregaron,12/30/12 2:21,TRUE,Saddle River NJ / Oak Ridge NC,My employees Ã¢ÂùÂ_ me    #IvyLeague #Wharton #Finance #UpperMGMT team leader / #Independent / I BLOCK morons,gregaron,12/30/12 2:21,FALSE,1
47,7647,"Newton, MA","Less Government, Lower taxes, and Freedom from the tyranny from the Left and the Right. Keep the Left out of my wallet, and the right out of my bedroom.",stevengubb,2/21/09 16:24,TRUE,"Newton, MA","Less Government, Lower taxes, and Freedom from the tyranny from the Left and the Right. Keep the Left out of my wallet, and the right out of my bedroom.",stevengubb,2/21/09 16:24,FALSE,1
48,7981,Ã¢Â€Â FRONT LINES SPIRITUAL BATTLEÃ¢Â€Â ,L.E.O. Wife. CHP to DD adults. Followed by @frfrankpavone @tperkins @frankgaffney & @TRobinsonNewEra     JesusÃ¢ÂùÂ_You  Ã_Â Â_Ã_Â_Âèlux omnia vincitÃ_Â Â_Ã_Â_Âè #USA,AwakeDeborah,8/14/12 15:22,TRUE,Ã¢Â€Â FRONT LINES SPIRITUAL BATTLEÃ¢Â€Â ,L.E.O. Wife. CHP to DD adults. Followed by @frfrankpavone @tperkins @frankgaffney & @TRobinsonNewEra     JesusÃ¢ÂùÂ_You  Ã_Â Â_Ã_Â_Âèlux omnia vincitÃ_Â Â_Ã_Â_Âè #USA,AwakeDeborah,8/14/12 15:22,FALSE,1
49,8024,NEW YORK,"I am grateful that our country is back on track we want equality for all who live here and share Americas value,if not you don't belong here this is our home.",joecatone1958,5/20/14 12:56,TRUE,NEW YORK,"I am grateful that our country is back on track we want equality for all who live here and share Americas value,if not you don't belong here this is our home.",joecatone1958,5/20/14 12:56,FALSE,1
50,8180,"New Jersey, USA",President Elect Donald Trump. The Peoples Choice.. Thank You Lord Jesus! All Glory And Honor Belong's To You! #Israel  #MAGA   #Trump2020  #CCOT,drzevetchin,11/19/14 14:24,FALSE,"New Jersey, USA",President Elect Donald Trump. The Peoples Choice.. Thank You Lord Jesus! All Glory And Honor Belong's To You! #Israel  #MAGA   #Trump2020  #CCOT,drzevetchin,11/19/14 14:24,TRUE,1
51,8275,"Philadelphia, PA","Philly sports fan, Manchester United, NASCAR, conservative. Proud to be deplorable. #Bluelivesmatter #MAGA #FreeMilo #NRA #2A #BanIslam #FreeJared",RichOsborne71,2/6/16 0:21,TRUE,"Philadelphia, PA","Philly sports fan, Manchester United, NASCAR, conservative. Proud to be deplorable. #Bluelivesmatter #MAGA #FreeMilo #NRA #2A #BanIslam #FreeJared",RichOsborne71,2/6/16 0:21,FALSE,1
52,8381,"Redwood City, CA","Christian, Father, Son, Brother, Lover of Liberty and Life.  All of my friends are #Deplorables, #MAGA!",MrJoeBlow1776,11/7/16 12:36,TRUE,"Redwood City, CA","Christian, Father, Son, Brother, Lover of Liberty and Life.  All of my friends are #Deplorables, #MAGA!",MrJoeBlow1776,11/7/16 12:36,FALSE,1
53,8463,"Washington, DC",USMC Veteran | Engineer | NRA Member,Zane_Michaels,4/23/12 17:11,TRUE,"Washington, DC",USMC Veteran | Engineer | NRA Member,Zane_Michaels,4/23/12 17:11,FALSE,1
54,8741,"Missouri, USA","#USA under attack by #ObamaAdmin #TrumpWon #TooBadHillary #LockHerUp #Bible #Constitution #NoAbortion #A1 #A2 #Israel Genesis12:3, Esther4:14 2 Chron7:14 #AFP",Jesus_isPeace,1/30/15 22:29,FALSE,"Missouri, USA","#USA under attack by #ObamaAdmin #TrumpWon #TooBadHillary #LockHerUp #Bible #Constitution #NoAbortion #A1 #A2 #Israel Genesis12:3, Esther4:14 2 Chron7:14 #AFP",Jesus_isPeace,1/30/15 22:29,TRUE,1
55,8914,"Alabama, USA",,PamG61802904,2/19/16 17:42,FALSE,"Alabama, USA",,PamG61802904,2/19/16 17:42,TRUE,1
56,8959,"Molalla, Oregon",I am a small business owner and entrepreneur developing websites...learning lots,candyw,4/11/08 14:04,FALSE,"Molalla, Oregon",I am a small business owner and entrepreneur developing websites...learning lots,candyw,4/11/08 14:04,TRUE,1
57,8998,"Arkansas, USA","American, Republican,  and Military spouse.I recently joined Twitter to have a wider broad of news coverage. I'm human and have my own opinions.",SharebearSLB,11/14/16 22:44,FALSE,"Arkansas, USA","American, Republican,  and Military spouse.I recently joined Twitter to have a wider broad of news coverage. I'm human and have my own opinions.",SharebearSLB,11/14/16 22:44,TRUE,1
58,9009,"Cheval, FL","snarky former #Navy #SARpilot #BronzeStar #2MAs and a #PhD. My book- Kimo's War is on Amazon. Ã§Â§ÂÅÃ£ÂÅÂ¯Ã_Â—Â¥Ã_ÂœÂ¬Ã¨ÂªÂ_Ã£Â‚Â’Ã¨Â©Â±Ã£ÂÅÂ™. Parody anger, actually pretty happy go lucky. Ã—Â_Ã–Â´Ã—Â™Ã–Â_Ã—Â•Ã–Â_Ã—Â Ã—Â•Ã–Â_",navy8r,10/3/10 23:06,TRUE,"Cheval, FL","snarky former #Navy #SARpilot #BronzeStar #2MAs and a #PhD. My book- Kimo's War is on Amazon. Ã§Â§ÂÅÃ£ÂÅÂ¯Ã_Â—Â¥Ã_ÂœÂ¬Ã¨ÂªÂ_Ã£Â‚Â’Ã¨Â©Â±Ã£ÂÅÂ™. Parody anger, actually pretty happy go lucky. Ã—Â_Ã–Â´Ã—Â™Ã–Â_Ã—Â•Ã–Â_Ã—Â Ã—Â•Ã–Â_",navy8r,10/3/10 23:06,FALSE,1
59,9526,"Loveland, Colorado","Former CO GOP House Majority Whip, wife, Nana, musician, golfer, hiker, sailor Colorado Trump Co-Chairman.  Congrats to President-elect Donald J. Trump!",RepBJNikkel,1/31/09 6:28,FALSE,"Loveland, Colorado","Former CO GOP House Majority Whip, wife, Nana, musician, golfer, hiker, sailor Colorado Trump Co-Chairman.  Congrats to President-elect Donald J. Trump!",RepBJNikkel,1/31/09 6:28,TRUE,1
60,9850,"Pavo, Georgia","Christian, Southern, Conservative, Gay (in that order). Road warrior, thrill seeker. INFJ. Rejoined Twitter in 2016 after a five-year break. Conversation is hot",josephvaden,6/4/16 4:54,FALSE,"Pavo, Georgia","Christian, Southern, Conservative, Gay (in that order). Road warrior, thrill seeker. INFJ. Rejoined Twitter in 2016 after a five-year break. Conversation is hot",josephvaden,6/4/16 4:54,TRUE,1
61,9949,"Berea, OH","When skeptics ask if I really expect to see my deceased dogs again (in Heaven), I invariably reply: If I'm good.",emmeffemm,2/16/09 1:19,TRUE,"Berea, OH","When skeptics ask if I really expect to see my deceased dogs again (in Heaven), I invariably reply: If I'm good.",emmeffemm,2/16/09 1:19,FALSE,1
62,10156,Indiana,"Ohio Machine  MLL #10, Kentucky Stickhorses NALL # #giddyup, Mosaic Employee Benefits / Financial Planner",EOBie12,3/19/14 15:17,FALSE,Indiana,"Ohio Machine  MLL #10, Kentucky Stickhorses NALL # #giddyup, Mosaic Employee Benefits / Financial Planner",EOBie12,3/19/14 15:17,TRUE,1
63,10266,"Gotha, Florida",swinging all  day,hoopcrazskid,3/19/14 1:39,FALSE,"Gotha, Florida",swinging all  day,hoopcrazskid,3/19/14 1:39,TRUE,1
64,10282,New Jersey,"Proudly tanning Mason, Ohio and the Greater  Cincinnati area with the Best Beds, Best Spray Tans,  Prices and Best Customer Service. Are You TANtalizing?",TANtalizTean,4/9/15 0:58,FALSE,New Jersey,"Proudly tanning Mason, Ohio and the Greater  Cincinnati area with the Best Beds, Best Spray Tans,  Prices and Best Customer Service. Are You TANtalizing?",TANtalizTean,4/9/15 0:58,TRUE,1
65,10287,"Toledo, Ohio","Wife to Fred, Mom to Nick, Kirsten & Kaitlyn.Working & raising my family. I'm not entitled to anything other than life, liberty and the pursuit of happiness!",lindarutter,2/20/09 17:41,FALSE,"Toledo, Ohio","Wife to Fred, Mom to Nick, Kirsten & Kaitlyn.Working & raising my family. I'm not entitled to anything other than life, liberty and the pursuit of happiness!",lindarutter,2/20/09 17:41,TRUE,1
66,10414,"Oceanside, CA","Single Gma Activistif u grab myÃ_Â Â_Ã_Â°ÂˆI will #KickUrDick#NotMyPresident#UniteWomen#SafetyPin #Solidarity #NoJusticeNoPeace #BLM #NoKidHungr #Choice #InGodWeTrust",MsRuthedelaRosa,9/28/12 20:28,TRUE,"Oceanside, CA","Single Gma Activistif u grab myÃ_Â Â_Ã_Â°ÂˆI will #KickUrDick#NotMyPresident#UniteWomen#SafetyPin #Solidarity #NoJusticeNoPeace #BLM #NoKidHungr #Choice #InGodWeTrust",MsRuthedelaRosa,9/28/12 20:28,FALSE,1
67,10555,"Alabama, USA","Southern Christian Conservative, Retired from Health Care Career, Love Bama Football and yes I carry.",ShelaSmith3,12/23/15 7:08,FALSE,"Alabama, USA","Southern Christian Conservative, Retired from Health Care Career, Love Bama Football and yes I carry.",ShelaSmith3,12/23/15 7:08,TRUE,1
68,10559," AZ-Via Colorado, Native",#MAGA for the future of the Republic! Trump followers HIGHLY encouraged!! VIVA  CONSTITUTION! Globalists/commies banned from this TL! God Bless President Trump!,USAlivestrong,11/21/09 3:39,TRUE," AZ-Via Colorado, Native",#MAGA for the future of the Republic! Trump followers HIGHLY encouraged!! VIVA  CONSTITUTION! Globalists/commies banned from this TL! God Bless President Trump!,USAlivestrong,11/21/09 3:39,FALSE,1
69,10813,"Miami, Florida","If we lose freedom here, there is no place to escape to. This is the last stand on Earth. Ronald Reagan! I Am a Cuban born American by choice and heart!",LiliaMorraz,5/11/14 22:31,FALSE,"Miami, Florida","If we lose freedom here, there is no place to escape to. This is the last stand on Earth. Ronald Reagan! I Am a Cuban born American by choice and heart!",LiliaMorraz,5/11/14 22:31,TRUE,1
70,11063,"TX,OK,WA,NV,LA,DC",I am a work in progress... However the one thing I do know for sure #TRUMP is going to make a hell of a good president ! So excited for Americas future !,SheSaz,3/3/09 1:28,TRUE,"TX,OK,WA,NV,LA,DC",I am a work in progress... However the one thing I do know for sure #TRUMP is going to make a hell of a good president ! So excited for Americas future !,SheSaz,3/3/09 1:28,FALSE,1
71,11175,"Missouri, USA",Proud American supporting Donald Trump! Doing everything I can to help save our Nation. I'm a motorcycle riding rebel against Killary! conceal carry #NRA #MAGA,TammieW76139285,7/18/16 9:40,FALSE,"Missouri, USA",Proud American supporting Donald Trump! Doing everything I can to help save our Nation. I'm a motorcycle riding rebel against Killary! conceal carry #NRA #MAGA,TammieW76139285,7/18/16 9:40,TRUE,1
72,11416,'MURICA!,Army Vet Ã¢ÂœÂ¨Army Wife Ã¢ÂœÂ¨College Student Ã¢ÂœÂ¨Wannabe WriterÃ¢ÂœÂ¨Animal MomÃ¢ÂœÂ¨Anti #SJWÃ¢ÂœÂ¨Pro Ã_Â Â_Ã_Â·Â®Ã_Â Â_Ã_Â·Â± Ã¢ÂœÂ¨Samoan/Irish Conservative Ã_Â Â_Ã_Â_ÂºWith A Demented Sense of HumorÃ¢ÂœÂ¨NO LISTS! Ã_Â Â_Ã_Â±Â¿,DahliaBellona,9/23/09 4:28,TRUE,'MURICA!,Army Vet Ã¢ÂœÂ¨Army Wife Ã¢ÂœÂ¨College Student Ã¢ÂœÂ¨Wannabe WriterÃ¢ÂœÂ¨Animal MomÃ¢ÂœÂ¨Anti #SJWÃ¢ÂœÂ¨Pro Ã_Â Â_Ã_Â·Â®Ã_Â Â_Ã_Â·Â± Ã¢ÂœÂ¨Samoan/Irish Conservative Ã_Â Â_Ã_Â_ÂºWith A Demented Sense of HumorÃ¢ÂœÂ¨NO LISTS! Ã_Â Â_Ã_Â±Â¿,DahliaBellona,9/23/09 4:28,FALSE,1
73,11646,"Massachusetts, USA",conservative leaning independent. believe in the constitution. love my family my dog and my Country. USA!!!!!!,charlp20,11/1/11 13:56,FALSE,"Massachusetts, USA",conservative leaning independent. believe in the constitution. love my family my dog and my Country. USA!!!!!!,charlp20,11/1/11 13:56,TRUE,1
74,11743,Republic of Texas,"USN Vet with libertarian principles #2AÃ¢Â€ÂœYou will not rise to the occasion; you will fall back on your level of training.Ã¢Â€Âù-Archilochus, Greek Soldier, 650 BC",FormerUSN,6/13/13 5:01,FALSE,Republic of Texas,"USN Vet with libertarian principles #2AÃ¢Â€ÂœYou will not rise to the occasion; you will fall back on your level of training.Ã¢Â€Âù-Archilochus, Greek Soldier, 650 BC",FormerUSN,6/13/13 5:01,TRUE,1
75,11774,"MIAMI, FLORIDA","GLOAT & GLOAT OFTEN, my friends! WE DID IT! The Left is imploding & all they got is: U R RACIST/SEXIST! SMILE! That shit doesn't work anymore!#TrumpPence2016",qb_ramirez,7/13/13 3:36,TRUE,"MIAMI, FLORIDA","GLOAT & GLOAT OFTEN, my friends! WE DID IT! The Left is imploding & all they got is: U R RACIST/SEXIST! SMILE! That shit doesn't work anymore!#TrumpPence2016",qb_ramirez,7/13/13 3:36,FALSE,1
76,11828,"Texas, USA",Mother of four wonderful kids.Avid hunter and fisher. Love gardening. Been married for 40 years to HS sweet heart. Concern citizen of our country's direction.,VirginiaGinner1,8/13/14 14:05,FALSE,"Texas, USA",Mother of four wonderful kids.Avid hunter and fisher. Love gardening. Been married for 40 years to HS sweet heart. Concern citizen of our country's direction.,VirginiaGinner1,8/13/14 14:05,TRUE,1
77,11971,"Missouri, USA","#deplorable  #draintheswamp #Conservative Although if u followed my spending habits u might not think so. ""He buys the pants..I wear them"".  Ã¢ÂœÂŒ",FauvJohn,4/30/16 22:55,FALSE,"Missouri, USA","#deplorable  #draintheswamp #Conservative Although if u followed my spending habits u might not think so. ""He buys the pants..I wear them"".  Ã¢ÂœÂŒ",FauvJohn,4/30/16 22:55,TRUE,1
78,12090,California,"Entrepreneur, 2010 Constitution Party Liberty Candidate, Christian, Homeschooler, Public Speaker;  Writer; Wake Up Mission co-host!",ChelNightingale,7/12/09 19:49,FALSE,California,"Entrepreneur, 2010 Constitution Party Liberty Candidate, Christian, Homeschooler, Public Speaker;  Writer; Wake Up Mission co-host!",ChelNightingale,7/12/09 19:49,TRUE,1
79,12103,"Chicago, IL","I am Asian. I like fish and rice, and I am superior to you in math & science",Rmercader,10/1/07 2:26,TRUE,"Chicago, IL","I am Asian. I like fish and rice, and I am superior to you in math & science",Rmercader,10/1/07 2:26,FALSE,1
80,12127,"Ohio, USA","Conservative Christian. Love my Country but hate what the politicians have done to it. #fedup Support Trump. Deplorable and proud.",RicJohnson15,7/18/15 23:18,FALSE,"Ohio, USA","Conservative Christian. Love my Country but hate what the politicians have done to it. #fedup Support Trump. Deplorable and proud.",RicJohnson15,7/18/15 23:18,TRUE,1
81,12371,Indianapolis,Really hard worker. Twitter geek. TV expert. Inventor. Book lover. Thinker,greenantonio191,8/1/16 18:22,FALSE,Indianapolis,Really hard worker. Twitter geek. TV expert. Inventor. Book lover. Thinker,greenantonio191,8/1/16 18:22,TRUE,1
82,12501,"Michigan, USA","The Bill of Rights isn't a statement of permission, they are intrinsic facts of life.  @RightWingAngel  has my Ã¢Â™Â¥, Always and Forever!  No DMs, please.",st1d,5/24/08 22:39,FALSE,"Michigan, USA","The Bill of Rights isn't a statement of permission, they are intrinsic facts of life.  @RightWingAngel  has my Ã¢Â™Â¥, Always and Forever!  No DMs, please.",st1d,5/24/08 22:39,TRUE,1
83,12635,"Winfield, IL","Singer, Songwriter, MIDI Music Producer. Performer. https://t.co/6GPSGN34O2",1Freddycmusic,10/19/15 21:55,TRUE,"Winfield, IL","Singer, Songwriter, MIDI Music Producer. Performer. https://t.co/6GPSGN34O2",1Freddycmusic,10/19/15 21:55,FALSE,1
84,12685,"Tennessee, USA",,msbrenda2u,12/4/14 2:59,FALSE,"Tennessee, USA",,msbrenda2u,12/4/14 2:59,TRUE,1
85,12877,"Georgia, USA",Jesus Christ USA Israel 2a Deplorable Bitter Clinger ~ Rt/f not=endorse. No dm's. List me=block.,DebOhRah64,6/3/16 5:05,FALSE,"Georgia, USA",Jesus Christ USA Israel 2a Deplorable Bitter Clinger ~ Rt/f not=endorse. No dm's. List me=block.,DebOhRah64,6/3/16 5:05,TRUE,1
86,12891,Central Nebraska,,TitusKitchens,8/27/09 3:01,FALSE,Central Nebraska,,TitusKitchens,8/27/09 3:01,TRUE,1
87,12973,"Newport, NC",An American that stands for less governement and States rights.,hoppy28557,5/4/09 15:27,TRUE,"Newport, NC",An American that stands for less governement and States rights.,hoppy28557,5/4/09 15:27,FALSE,1
88,13046,"Ulster County, New York, USA",,BarbaraZaccai,3/22/13 22:25,FALSE,"Ulster County, New York, USA",,BarbaraZaccai,3/22/13 22:25,TRUE,1
89,13052,TRUMP WORLD WIDE,OFFICIAL 'PRESIDENT TRUMP WORLD SUPPORT NETWORK - 'THE MOVEMENT' MAKE AMERICA GREAT AGAIN - 'A LOVE FEST' @realDonaldTrump #TrumpTrain #Trump #LikeABOSS,Trump_World,10/21/10 9:35,TRUE,TRUMP WORLD WIDE,OFFICIAL 'PRESIDENT TRUMP WORLD SUPPORT NETWORK - 'THE MOVEMENT' MAKE AMERICA GREAT AGAIN - 'A LOVE FEST' @realDonaldTrump #TrumpTrain #Trump #LikeABOSS,Trump_World,10/21/10 9:35,FALSE,1
90,13243,"Seattle, WA","Retired law enforcement, industrial security.",Kamani1147,3/4/10 17:06,TRUE,"Seattle, WA","Retired law enforcement, industrial security.",Kamani1147,3/4/10 17:06,FALSE,1
91,13264,"Florida, USA","Ã_Â Â_Ã_Â_Â_Ã_Â Â_Ã_Â_ÂºHail to Chief: Donald J. TrumpTRUMPÃ_Â Â_Ã_Â_ÂºPENCE Ã_Â Â_Ã_Â_Â¶MAGAÃ_Â Â_Ã_Â±ÂçÃ_Â Â_Ã_Â·ÂºÃ_Â Â_Ã_Â·Â¸Ã_Â Â_Ã_Â_Âº",mcphersonfamily,8/1/09 16:50,FALSE,"Florida, USA","Ã_Â Â_Ã_Â_Â_Ã_Â Â_Ã_Â_ÂºHail to Chief: Donald J. TrumpTRUMPÃ_Â Â_Ã_Â_ÂºPENCE Ã_Â Â_Ã_Â_Â¶MAGAÃ_Â Â_Ã_Â±ÂçÃ_Â Â_Ã_Â·ÂºÃ_Â Â_Ã_Â·Â¸Ã_Â Â_Ã_Â_Âº",mcphersonfamily,8/1/09 16:50,TRUE,1
92,13304,Cat Loving SE PA Home,Ex-Liberal. BoycottMSM #DemExit2015 #Pro2A #TrumpTrain  Respect #Cruz & #Bernie fans  FU #CrookedHillary & #JillTheShill!,TuxiTixTwo,7/30/16 21:34,TRUE,Cat Loving SE PA Home,Ex-Liberal. BoycottMSM #DemExit2015 #Pro2A #TrumpTrain  Respect #Cruz & #Bernie fans  FU #CrookedHillary & #JillTheShill!,TuxiTixTwo,7/30/16 21:34,FALSE,1
93,13327, Los Angeles California USA,"Husband, Father, Catholic School Teacher, Professional Soldier, Career Military Officer, Pilot In Command, Student of History and Politics, Lover of Life.",ArmorCavSpin,5/15/09 21:10,FALSE, Los Angeles California USA,"Husband, Father, Catholic School Teacher, Professional Soldier, Career Military Officer, Pilot In Command, Student of History and Politics, Lover of Life.",ArmorCavSpin,5/15/09 21:10,TRUE,1
94,13365,OBX NC,"A Learner & Teacher, in that order. A Passionate Voice. Opinionated Christian.",bjonesbrazil,10/2/09 2:34,TRUE,OBX NC,"A Learner & Teacher, in that order. A Passionate Voice. Opinionated Christian.",bjonesbrazil,10/2/09 2:34,FALSE,1
95,13421,"Lafayette, IN","Realtor/Broker at The Wheeler Group-RE/MAX Ability Plus #hollerathayley",HOLLERatHAYLEY4,1/16/12 20:05,TRUE,"Lafayette, IN","Realtor/Broker at The Wheeler Group-RE/MAX Ability Plus #hollerathayley",HOLLERatHAYLEY4,1/16/12 20:05,FALSE,1
96,13767,Texas ,"stair builder, specializing in freestanding curved staircases conservative, avid bow hunter, NASCAR fan",davidamc50,9/4/11 0:31,FALSE,Texas ,"stair builder, specializing in freestanding curved staircases conservative, avid bow hunter, NASCAR fan",davidamc50,9/4/11 0:31,TRUE,1
97,13827,"Worcester, Massachusetts","I'm a Wife, Mom (of 4 boys), and Proud Conservative. I Believe in Karma and Speaking the Truth. I Am That I Am!",merbac,4/26/09 13:11,FALSE,"Worcester, Massachusetts","I'm a Wife, Mom (of 4 boys), and Proud Conservative. I Believe in Karma and Speaking the Truth. I Am That I Am!",merbac,4/26/09 13:11,TRUE,1
98,13892,"New York, USA","Proud Husband, Proud Father, terrible amateur fisherman.Truly Free People Govern Themselves=USA",heavycpl,11/13/16 22:55,FALSE,"New York, USA","Proud Husband, Proud Father, terrible amateur fisherman.Truly Free People Govern Themselves=USA",heavycpl,11/13/16 22:55,TRUE,1
99,14094,"Nashville, TN","Life is an adventure, and people are cool! #God, #Family, #USA, #Military, #Patriot, #Tea Party,#Conservative,#Rock&Roll,#Avid Reader,#History,#Civil War",Navymom21,3/9/09 2:07,TRUE,"Nashville, TN","Life is an adventure, and people are cool! #God, #Family, #USA, #Military, #Patriot, #Tea Party,#Conservative,#Rock&Roll,#Avid Reader,#History,#Civil War",Navymom21,3/9/09 2:07,FALSE,1
100,14112,"Irvine, California ",3 things ya need to know : 1 I'm conservative both politically and spiritually. 2 I love sports both playing and watching 3 I have a playful side,Sharkman690,6/15/12 0:36,FALSE,"Irvine, California ",3 things ya need to know : 1 I'm conservative both politically and spiritually. 2 I love sports both playing and watching 3 I have a playful side,Sharkman690,6/15/12 0:36,TRUE,1
101,14254,"Long Beach, CA","In pain from sexual abuse? contact-@RAINN01 #BlackLivesMatter  gay white male #StigmaFree Survivor-Thriver-child trauma therapist #TwinPeaks2017#TheResistance",TPSurvivors,4/30/16 3:31,TRUE,"Long Beach, CA","In pain from sexual abuse? contact-@RAINN01 #BlackLivesMatter  gay white male #StigmaFree Survivor-Thriver-child trauma therapist #TwinPeaks2017#TheResistance",TPSurvivors,4/30/16 3:31,FALSE,1
102,14368,boycott ESPN. BAN SHARIA LAW,anybody but a democrat. country first union second. alice in chains. patriots bruins celtics redsox. impractical jokers. love your dog. massachusetts.,bmf0000,12/17/09 18:29,TRUE,boycott ESPN. BAN SHARIA LAW,anybody but a democrat. country first union second. alice in chains. patriots bruins celtics redsox. impractical jokers. love your dog. massachusetts.,bmf0000,12/17/09 18:29,FALSE,1
103,14446,Plainsboro NJ,Forever Grateful...,oneshot5997,2/2/11 15:09,TRUE,Plainsboro NJ,Forever Grateful...,oneshot5997,2/2/11 15:09,FALSE,1
104,14559,"Jefferson Hills, PA",,e90463742,1/25/15 9:58,TRUE,"Jefferson Hills, PA",,e90463742,1/25/15 9:58,FALSE,1
105,14677,"California, USA","life liberty pursuit CONSTITUTION true believer. love my family, kids & animals. Feminist that Ã¢ÂùÂ_Ã¯Â¸Âès men. my feed is not a safespace #MAGA",LynnLebowski,11/10/16 15:34,FALSE,"California, USA","life liberty pursuit CONSTITUTION true believer. love my family, kids & animals. Feminist that Ã¢ÂùÂ_Ã¯Â¸Âès men. my feed is not a safespace #MAGA",LynnLebowski,11/10/16 15:34,TRUE,1
106,14683,"Miami, FL",A Free Cuban American Ã_Â Â_Ã_Â·ÂºÃ_Â Â_Ã_Â·Â¸Ã_Â Â_Ã_Â·ÂºÃ_Â Â_Ã_Â·Â¸Ã_Â Â_Ã_Â·ÂºÃ_Â Â_Ã_Â·Â¸Ã_Â Â_Ã_Â·ÂºÃ_Â Â_Ã_Â·Â¸Ã_Â Â_Ã_Â·ÂºÃ_Â Â_Ã_Â·Â¸Ã¢Â˜Â•Ã¯Â¸Âè#MAGA#PEOTUS#Conservative#buildthewall#draintheswamp#capitalism#MakeAmericaSafeAgain,jlpark205,1/8/16 23:52,TRUE,"Miami, FL",A Free Cuban American Ã_Â Â_Ã_Â·ÂºÃ_Â Â_Ã_Â·Â¸Ã_Â Â_Ã_Â·ÂºÃ_Â Â_Ã_Â·Â¸Ã_Â Â_Ã_Â·ÂºÃ_Â Â_Ã_Â·Â¸Ã_Â Â_Ã_Â·ÂºÃ_Â Â_Ã_Â·Â¸Ã_Â Â_Ã_Â·ÂºÃ_Â Â_Ã_Â·Â¸Ã¢Â˜Â•Ã¯Â¸Âè#MAGA#PEOTUS#Conservative#buildthewall#draintheswamp#capitalism#MakeAmericaSafeAgain,jlpark205,1/8/16 23:52,FALSE,1
107,14733,"Kingsport, TN",Sports NFL NASCAR College Football,DannyCarlHale1,9/20/16 19:05,TRUE,"Kingsport, TN",Sports NFL NASCAR College Football,DannyCarlHale1,9/20/16 19:05,FALSE,1
108,14735,"Austin, Texas",#OpSaveAmerica #1of12 #InFront #100kMore #InBack #AnonOnDuty #IAmYourPaulRevere #WatchingWashington #DiggingUpLies #DoYourPart #RetweetMe,pastorbones,3/20/09 3:01,FALSE,"Austin, Texas",#OpSaveAmerica #1of12 #InFront #100kMore #InBack #AnonOnDuty #IAmYourPaulRevere #WatchingWashington #DiggingUpLies #DoYourPart #RetweetMe,pastorbones,3/20/09 3:01,TRUE,1
109,15094,New York,"Writer, political pundit, radio show host, lip gloss aficionado, Walking Dead Superfan https://t.co/FO8AZqOqFe #TrumpPence16 #tcot #Trump",XTraceyAnn,1/4/10 20:33,FALSE,New York,"Writer, political pundit, radio show host, lip gloss aficionado, Walking Dead Superfan https://t.co/FO8AZqOqFe #TrumpPence16 #tcot #Trump",XTraceyAnn,1/4/10 20:33,TRUE,1
110,15102,"Maryland, USA","Make every moment better for your having been in it. Leave each moment better than you found it. Every step, every thought, every word & deed. #MAGA",mindfulhorse,1/30/12 13:15,FALSE,"Maryland, USA","Make every moment better for your having been in it. Leave each moment better than you found it. Every step, every thought, every word & deed. #MAGA",mindfulhorse,1/30/12 13:15,TRUE,1
111,15117,Texas,"GO TRUMP   Web Entrepreneur, Website Design Consultant and Multi-Website Owner",mikecrooks,7/2/08 1:25,FALSE,Texas,"GO TRUMP   Web Entrepreneur, Website Design Consultant and Multi-Website Owner",mikecrooks,7/2/08 1:25,TRUE,1
112,15142,CA and FL,Baseball fan & dog lover. Conservative mom concerned about sons' future b/c of Obama's anti-American policies. Kindness & Humor rule!,adnilhoom,4/19/09 16:55,TRUE,CA and FL,Baseball fan & dog lover. Conservative mom concerned about sons' future b/c of Obama's anti-American policies. Kindness & Humor rule!,adnilhoom,4/19/09 16:55,FALSE,1
113,15356,Texas,"Former rest owner, CPA, MBA, Wahoo- DeltaSig/Gator, Fit gym rat, Will rise again! INFIDEL! God & USA.Ã_Â_Ã_Â¿Ã_Â»Ã¡Â_Â_Ã_Â_ Ã_Â»Ã_Â±Ã_Â_Ã_Â_ Never Give Up! PMA!  #Trump2016 VA man in Texas",jechoot1,6/4/09 3:59,FALSE,Texas,"Former rest owner, CPA, MBA, Wahoo- DeltaSig/Gator, Fit gym rat, Will rise again! INFIDEL! God & USA.Ã_Â_Ã_Â¿Ã_Â»Ã¡Â_Â_Ã_Â_ Ã_Â»Ã_Â±Ã_Â_Ã_Â_ Never Give Up! PMA!  #Trump2016 VA man in Texas",jechoot1,6/4/09 3:59,TRUE,1
114,15360,"Winchester, VA",Freelance engineering/industrial copywriter supporting #American #business and American #jobs. #BringOurJobsBack #Trump #Manufacturing #Reshoring #Jobs4Vets,hollybmartinusa,11/17/16 2:05,TRUE,"Winchester, VA",Freelance engineering/industrial copywriter supporting #American #business and American #jobs. #BringOurJobsBack #Trump #Manufacturing #Reshoring #Jobs4Vets,hollybmartinusa,11/17/16 2:05,FALSE,1
115,8,United States,"Our President/VP-elect will soon begin to bring America back from the brink of Obama's secular, Constitution-destroying nightmare regime - #MAGA",TT1600PennAve,3/4/16 0:37,FALSE,California,"Raiders, Warriors, Giants fan since '77Fly fishing&hunting are my get away.Stanford grad class of '94,Educator,molding the minds of tomorrow.",AtomicMexican,6/6/11 15:30,TRUE,1
116,36,SC,"Luv Beautiful Gardens, Interior Design, Walkin My Dog , Football, Reality TV, Common Sense v Irrational PC ,  Love All Peoples who wish us NO Harm",debbiegar2,12/23/15 18:42,TRUE,United States,Promoting the return of common sense values to our great nation.,laragoza1,11/16/16 21:38,FALSE,1
117,36,SC,"Luv Beautiful Gardens, Interior Design, Walkin My Dog , Football, Reality TV, Common Sense v Irrational PC ,  Love All Peoples who wish us NO Harm",debbiegar2,12/23/15 18:42,TRUE,SC,"Luv Beautiful Gardens, Interior Design, Walkin My Dog , Football, Reality TV, Common Sense v Irrational PC ,  Love All Peoples who wish us NO Harm",debbiegar2,12/23/15 18:42,FALSE,1
118,90,"Bowie, TX",Love the U. S. A. Gun toting patriot. Daughter of retired army colonel. I support our country and flag with all my heart.,mamoobonnie,3/4/12 2:34,TRUE,"Somewhere, WI","Navy Seabee Vet. Likes Music, film and books. I Love America; Hate the people running it. The only path to freedom, comes from within.",DickRitchie73,3/6/15 16:19,FALSE,1
119,90,"Bowie, TX",Love the U. S. A. Gun toting patriot. Daughter of retired army colonel. I support our country and flag with all my heart.,mamoobonnie,3/4/12 2:34,TRUE,"Bowie, TX",Love the U. S. A. Gun toting patriot. Daughter of retired army colonel. I support our country and flag with all my heart.,mamoobonnie,3/4/12 2:34,FALSE,1
120,142,"Provo, UT",SILENCE IS CONSENT,HambySr,2/19/15 16:09,TRUE,not in a vote remain area,YOU CAN BE A PARROT OR A PIGEON #PresidentTrump #LordFarage #MEGA #MAGA #Article50 #UKIP #NOTCUCKED @steam_games always deplorable also at Gab.ai,suprsilentdave,5/31/11 20:56,FALSE,1
121,142,"Provo, UT",SILENCE IS CONSENT,HambySr,2/19/15 16:09,TRUE,"Provo, UT",SILENCE IS CONSENT,HambySr,2/19/15 16:09,FALSE,1
122,209,"Florida, USA","Entrepreneur inspired by the Trump Movement #MAGA ANTI-Feminist Follows the Word of God, Christian! #artist #patriot #TrumpPence16 2THEOVAL 2017",SpecialKMB1969,3/25/11 21:30,FALSE,"Florida, USA","Entrepreneur inspired by the Trump Movement #MAGA ANTI-Feminist Follows the Word of God, Christian! #artist #patriot #TrumpPence16 2THEOVAL 2017",SpecialKMB1969,3/25/11 21:30,TRUE,1
123,210,MAGA Land,"Ù† Christian. Proud Mom, vegetarian friend to cats & dogs. Rusher, DD, Cash, TS, Moz, Ed, Cure, Star Wars geek, BPD Waif & British/medieval history buff.",Purrpatrol,3/3/09 1:28,TRUE,MAGA Land,"Ù† Christian. Proud Mom, vegetarian friend to cats & dogs. Rusher, DD, Cash, TS, Moz, Ed, Cure, Star Wars geek, BPD Waif & British/medieval history buff.",Purrpatrol,3/3/09 1:28,FALSE,1
124,246,Virginia,"Hooligan, Aspiring Writer, Artist, and Cook.                                                   Not trying to get famous, just trying to get known.",OldmanLogan2008,8/30/13 8:11,FALSE,Virginia,"Hooligan, Aspiring Writer, Artist, and Cook.                                                   Not trying to get famous, just trying to get known.",OldmanLogan2008,8/30/13 8:11,TRUE,1
125,276,"New Mexico, USA","I am a Orthodox Christian,Conservative, a believer in Our Constitution, Very PRO Israel, animal lover, devoted to our wonderful country, and importantly ..a Mom",Trudyadair1,11/14/15 3:17,FALSE,"New Mexico, USA","I am a Orthodox Christian,Conservative, a believer in Our Constitution, Very PRO Israel, animal lover, devoted to our wonderful country, and importantly ..a Mom",Trudyadair1,11/14/15 3:17,TRUE,1
126,277,"New York, USA","Deplorable & Born in a hospital. Exposing the Hag who is a College Grad, Lawyer?, LOL, Unindicted felon! Big fraud! Da FBI is on her ass.",MoronPres,2/2/11 16:49,FALSE,"New York, USA","Deplorable & Born in a hospital. Exposing the Hag who is a College Grad, Lawyer?, LOL, Unindicted felon! Big fraud! Da FBI is on her ass.",MoronPres,2/2/11 16:49,TRUE,1
,,,,,,,"Fort Lauderdale, FL",,,,,
,,,,,,,"Venice, FL",,,,,
,,,,,,,"Avon, IN",,,,,
,,,,,,,"Avon, IN",,,,,
,,,,,,,"Avon, IN",,,,,
,,,,,,,"Nevada, USA",,,,,
,,,,,,,"Nevada, USA",,,,,
,,,,,,,"Decatur, TX",,,,,
,,,,,,,"Georgia, USA",,,,,
,,,,,,,"Sandy, UT",,,,,
,,,,,,,"Georgia, USA",,,,,
,,,,,,,"Lincoln, NE",,,,,
,,,,,,,"Rockford, IL",,,,,
,,,,,,,"Georgia, USA",,,,,
,,,,,,,"Chelan Falls, WA",,,,,
,,,,,,,"Chesterfield, MO",,,,,
,,,,,,,"Smithfield, NC",,,,,
,,,,,,,"Mesa, AZ",,,,,
,,,,,,,"Mesa, AZ",,,,,
,,,,,,,"Mesa, AZ",,,,,
,,,,,,,"Mesa, AZ",,,,,
,,,,,,,"Lake Havasu City, AZ",,,,,
,,,,,,,"Redlands, CA",,,,,
,,,,,,,"Mesa, AZ",,,,,
,,,,,,,"Mesa, AZ",,,,,
,,,,,,,"Mesa, AZ",,,,,
,,,,,,,"Nevada, USA",,,,,
,,,,,,,"Nevada, USA",,,,,
,,,,,,,"Mesa, AZ",,,,,
,,,,,,,"Mesa, AZ",,,,,
,,,,,,,"Nevada, USA",,,,,
,,,,,,,"Colorado, USA",,,,,
,,,,,,,"Washington, USA",,,,,
,,,,,,,"Pennsylvania, USA",,,,,
,,,,,,,"Phoenix, AZ",,,,,
,,,,,,,"Phoenix, AZ",,,,,
,,,,,,,"Nevada, USA",,,,,
,,,,,,,"Kansas, USA",,,,,
,,,,,,,"Mesa, AZ",,,,,
,,,,,,,"Tallahassee, FL",,,,,
,,,,,,,"Mesa, AZ",,,,,
,,,,,,,"Mesa, AZ",,,,,
,,,,,,,"Mesa, AZ",,,,,
,,,,,,,"Enterprise, AL",,,,,
,,,,,,,"Phoenix, AZ",,,,,
,,,,,,,"Nevada, USA",,,,,
,,,,,,,"Mesa, AZ",,,,,
,,,,,,,"Georgia, USA",,,,,
,,,,,,,"Georgia, USA",,,,,
,,,,,,,"Mississippi, USA",,,,,
,,,,,,,"Baltimore, MD",,,,,
,,,,,,,"Nevada, USA",,,,,
,,,,,,,"California, USA",,,,,
,,,,,,,"Louisiana, USA",,,,,
,,,,,,,"Louisiana, USA",,,,,
,,,,,,,"Nevada, USA",,,,,
,,,,,,,"Nevada, USA",,,,,
,,,,,,,"Redlands, CA",,,,,
,,,,,,,"Mesa, AZ",,,,,
,,,,,,,"Nevada, USA",,,,,
,,,,,,,"Mesa, AZ",,,,,
,,,,,,,"Arizona, USA",,,,,
,,,,,,,"Mesa, AZ",,,,,
,,,,,,,"Pooler, GA",,,,,
,,,,,,,"Tennessee, USA",,,,,
,,,,,,,"Oak Hill, WV",,,,,
,,,,,,,"Austin, TX",,,,,
,,,,,,,"Mesa, AZ",,,,,
,,,,,,,"Mesa, AZ",,,,,
,,,,,,,"Tustin, CA",,,,,
,,,,,,,"Blackhawk, CA",,,,,
,,,,,,,"Oak Grove, AL",,,,,
,,,,,,,"Orlando, FL",,,,,
,,,,,,,"Massachusetts, USA",,,,,
,,,,,,,"Lake Havasu City, AZ",,,,,
,,,,,,,"Connecticut, USA",,,,,
,,,,,,,"Oregon, USA",,,,,
,,,,,,,"Virginia, USA",,,,,
,,,,,,,"Redlands, CA",,,,,
,,,,,,,"Fort Worth, TX",,,,,
,,,,,,,"Georgia, USA",,,,,
,,,,,,,"Balmville, NY",,,,,
,,,,,,,"Tallassee, AL",,,,,
,,,,,,,"Atlanta, GA",,,,,
,,,,,,,"Chula Vista, CA",,,,,
,,,,,,,"Richardson, TX",,,,,
,,,,,,,"Paradise, NV",,,,,
,,,,,,,"Summerville, SC",,,,,
,,,,,,,"Los Angeles, CA",,,,,
,,,,,,,"Cottonwood West, UT",,,,,
,,,,,,,"Kendall, FL",,,,,
,,,,,,,"Florida, USA",,,,,
,,,,,,,"South Woodbridge, CA",,,,,
,,,,,,,"Phoenix, AZ",,,,,
,,,,,,,"Barberton, WA",,,,,
,,,,,,,"Elmhurst, IL",,,,,
,,,,,,,"Texas, USA",,,,,
,,,,,,,"Dallas, TX",,,,,
,,,,,,,"Dallas, TX",,,,,
,,,,,,,"Cottonwood West, UT",,,,,
,,,,,,,"Mesa, AZ",,,,,
,,,,,,,"Florida, USA",,,,,
,,,,,,,"South Woodbridge, CA",,,,,
,,,,,,,"Phoenix, AZ",,,,,
,,,,,,,"Barberton, WA",,,,,
,,,,,,,"Mesa, AZ",,,,,
,,,,,,,"Olivet, NJ",,,,,
,,,,,,,"Mesa, AZ",,,,,
,,,,,,,"Jersey Village, TX",,,,,
,,,,,,,"Pennsylvania, USA",,,,,
,,,,,,,"South Woodbridge, CA",,,,,
,,,,,,,"Mesa, AZ",,,,,
,,,,,,,"Fort Lauderdale, FL",,,,,
,,,,,,,"Nevada, USA",,,,,
,,,,,,,"Richardson, TX",,,,,